Datetime,Water Level (m)
2025-05-31 12:00:00,-5.101
2025-05-31 13:00:00,-5.101
2025-05-31 14:00:00,-5.101
2025-05-31 15:00:00,-5.101
2025-05-31 16:00:00,-5.101
2025-05-31 17:00:00,-5.101
2025-05-31 18:00:00,-5.101
2025-05-31 19:00:00,-5.101
2025-05-31 20:00:00,-5.101
2025-05-31 21:00:00,-5.101
2025-05-31 22:00:00,-5.101
2025-05-31 23:00:00,-5.101
2025-06-01 00:00:00,-5.101
2025-06-01 01:00:00,0.14100963
2025-06-01 02:00:00,0.14164023
2025-06-01 03:00:00,0.14189892
2025-06-01 04:00:00,0.14905038
2025-06-01 05:00:00,0.15637517
2025-06-01 06:00:00,0.16347153
2025-06-01 07:00:00,0.16833723
2025-06-01 08:00:00,0.17307056
2025-06-01 09:00:00,0.18680802
2025-06-01 10:00:00,0.19443074
2025-06-01 11:00:00,0.20145115
2025-06-01 12:00:00,0.20928879
2025-06-01 13:00:00,0.2198995
2025-06-01 14:00:00,0.2283087
2025-06-01 15:00:00,0.23679209
2025-06-01 16:00:00,0.2448865
2025-06-01 17:00:00,0.25347447
2025-06-01 18:00:00,0.26130635
2025-06-01 19:00:00,0.28374
2025-06-01 20:00:00,0.31001368
2025-06-01 21:00:00,0.331343
2025-06-01 22:00:00,0.35166663
2025-06-01 23:00:00,0.37087873
2025-06-02 00:00:00,0.3894852
2025-06-02 01:00:00,0.40801048
2025-06-02 02:00:00,0.4254137
2025-06-02 03:00:00,0.44164822
2025-06-02 04:00:00,0.4568728
2025-06-02 05:00:00,0.47141242
2025-06-02 06:00:00,0.48568773
2025-06-02 07:00:00,0.49951178
2025-06-02 08:00:00,0.5128678
2025-06-02 09:00:00,0.52563596
2025-06-02 10:00:00,0.53774756
2025-06-02 11:00:00,0.549633
2025-06-02 12:00:00,0.56225365
2025-06-02 13:00:00,0.5755145
2025-06-02 14:00:00,0.58770764
2025-06-02 15:00:00,0.60005903
2025-06-02 16:00:00,0.6124836
2025-06-02 17:00:00,0.622873
2025-06-02 18:00:00,0.63219315
2025-06-02 19:00:00,0.642055
2025-06-02 20:00:00,0.65078866
2025-06-02 21:00:00,0.660183
2025-06-02 22:00:00,0.6708572
2025-06-02 23:00:00,0.6815755
2025-06-03 00:00:00,0.6924519
2025-06-03 01:00:00,0.70386004
2025-06-03 02:00:00,0.7165794
2025-06-03 03:00:00,0.7291705
2025-06-03 04:00:00,0.7397871
2025-06-03 05:00:00,0.74894315
2025-06-03 06:00:00,0.75740993
2025-06-03 07:00:00,0.7655453
2025-06-03 08:00:00,0.77353597
2025-06-03 09:00:00,0.78147143
2025-06-03 10:00:00,0.7867583
2025-06-03 11:00:00,0.79267865
2025-06-03 12:00:00,0.79889506
2025-06-03 13:00:00,0.8062052
2025-06-03 14:00:00,0.81261826
2025-06-03 15:00:00,0.82458717
2025-06-03 16:00:00,0.83745474
2025-06-03 17:00:00,0.8458053
2025-06-03 18:00:00,0.8533525
2025-06-03 19:00:00,0.8598453
2025-06-03 20:00:00,0.86556697
2025-06-03 21:00:00,0.87215793
2025-06-03 22:00:00,0.8793864
2025-06-03 23:00:00,0.88666785
2025-06-04 00:00:00,0.89384335
2025-06-04 01:00:00,0.9007806
2025-06-04 02:00:00,0.9079857
2025-06-04 03:00:00,0.9158797
2025-06-04 04:00:00,0.9233709
2025-06-04 05:00:00,0.9290778
2025-06-04 06:00:00,0.93408036
2025-06-04 07:00:00,0.9389625
2025-06-04 08:00:00,0.9442137
2025-06-04 09:00:00,0.94983286
2025-06-04 10:00:00,0.95466334
2025-06-04 11:00:00,0.9573774
2025-06-04 12:00:00,0.96022165
2025-06-04 13:00:00,0.9627821
2025-06-04 14:00:00,0.9669055
2025-06-04 15:00:00,0.97114915
2025-06-04 16:00:00,0.97600496
2025-06-04 17:00:00,0.9806859
2025-06-04 18:00:00,0.9853662
2025-06-04 19:00:00,0.9893138
2025-06-04 20:00:00,0.9936865
2025-06-04 21:00:00,0.9983278
2025-06-04 22:00:00,1.0028962
2025-06-04 23:00:00,1.0073231
2025-06-05 00:00:00,1.0109991
2025-06-05 01:00:00,1.0148387
2025-06-05 02:00:00,1.0188024
2025-06-05 03:00:00,1.0227281
2025-06-05 04:00:00,1.0264555
2025-06-05 05:00:00,1.02992
2025-06-05 06:00:00,1.033201
2025-06-05 07:00:00,1.0359854
2025-06-05 08:00:00,1.0383583
2025-06-05 09:00:00,1.0391004
2025-06-05 10:00:00,1.0413945
2025-06-05 11:00:00,1.0446373
2025-06-05 12:00:00,1.0491993
2025-06-05 13:00:00,1.0528975
2025-06-05 14:00:00,1.0546705
2025-06-05 15:00:00,1.0560155
2025-06-05 16:00:00,1.057943
2025-06-05 17:00:00,1.0605298
2025-06-05 18:00:00,1.0627891
2025-06-05 19:00:00,1.065179
2025-06-05 20:00:00,1.0675117
2025-06-05 21:00:00,1.0701288
2025-06-05 22:00:00,1.0726105
2025-06-05 23:00:00,1.0750377
2025-06-06 00:00:00,1.077451
2025-06-06 01:00:00,1.0802501
2025-06-06 02:00:00,1.0829043
2025-06-06 03:00:00,1.0851357
2025-06-06 04:00:00,1.0871364
2025-06-06 05:00:00,1.0888647
2025-06-06 06:00:00,1.0903431
2025-06-06 07:00:00,1.0916396
2025-06-06 08:00:00,1.0926324
2025-06-06 09:00:00,1.093236
2025-06-06 10:00:00,1.0937256
2025-06-06 11:00:00,1.0950727
2025-06-06 12:00:00,1.0969944
